<?xml version="1.0" encoding="utf-8"?><feed xmlns="http://www.w3.org/2005/Atom" ><generator uri="https://jekyllrb.com/" version="3.9.0">Jekyll</generator><link href="http://0.0.0.0:8080/feed.xml" rel="self" type="application/atom+xml" /><link href="http://0.0.0.0:8080/" rel="alternate" type="text/html" /><updated>2020-11-22T15:50:21+02:00</updated><id>http://0.0.0.0:8080/feed.xml</id><title type="html">uBuild Design Blocks</title><subtitle>ubuild-jekyll is a Jekyll theme desgined to work with Forestry's Blocks feature. This theme provides a set of page-level components and a pre-configured Forestry Blocks UI that will empower content editors to construct their own webpages.</subtitle><author><name>Forestry.io</name></author></feed>